<configs>
<remove xpath="/blocks/block[@name='tableSaw']"/>
<append xpath="/blocks">	
	<block name="tableSaw">
	<property name="Class" value="Workstation"/>
	<property name="Material" value="Miron_scrap"/>
	<property name="MaxDamage" value="1200"/>
	<property name="StabilitySupport" value="true"/>
	<property name="Shape" value="ModelEntity"/>
	<property name="Path" value="solid"/>
	<property name="Model" value="Entities/Crafting/table_sawPrefab"/>
	<property name="Place" value="TowardsPlacer"/>
	<property name="OnlySimpleRotations" value="true"/>
	<property name="ImposterDontBlock" value="true"/>
	<property name="IsTerrainDecoration" value="true"/>
	<property name="UnlockedBy" value="perkMachinist"/>
	<property name="Stacknumber" value="1"/>
	<property name="HeatMapStrength" value="2"/>
	<property name="HeatMapTime" value="5000"/>
	<property name="HeatMapFrequency" value="1000"/>
	<!--<property name="CraftTimeMultiplier" value="0.5,1"/>-->

	<property class="Workstation">
		<property name="Modules" value="output"/>
	</property>
	<property name="WorkstationIcon" value="ui_game_symbol_gunsmithing"/>
	<property name="CraftActionName" value="lblContextActionCraft"/>
	<property name="CraftIcon" value="ui_game_symbol_gunsmithing"/>
	<property name="OpenSound" value="open_workbench"/>
	<property name="CloseSound" value="close_workbench"/>
	<property name="WorkstationJournalTip" value="machineTableTip"/>

	<property class="RepairItems">
		<property name="resourceForgedIron" value="25"/>
		<property name="resourceSpring" value="4"/>
		<property name="resourceMechanicalParts" value="10"/>
	</property>
	<drop event="Harvest" name="resourceScrapIron" count="300" tag="allHarvest"/>
	<drop event="Harvest" name="terrStone" count="0" tool_category="Disassemble"/>
	<drop event="Harvest" name="resourceForgedIron" count="10" tag="salvageHarvest"/>
	<drop event="Harvest" name="resourceSpring" count="2" tag="salvageHarvest"/>
	<drop event="Harvest" name="resourceMechanicalParts" count="4" tag="salvageHarvest"/>
	<drop event="Destroy" count="0"/>
	<drop event="Fall" name="scrapMetalPile" count="1" prob="0.75" stick_chance="1"/>
	<property name="TakeDelay" value="15"/>
	<property name="DescriptionKey" value="machineTableDesc"/>
	<property name="EconomicValue" value="2500"/>
	<property name="Group" value="Building,advBuilding"/>
	<property name="FilterTags" value="fdecor,fother,ffurniture"/>
	<property name="SortOrder1" value="70i0"/>
	</block>
</append>
</configs>