<configs>
	<append xpath="/progression/perks">
		<perk name="perkMachinist" max_level="5" parent="skillIntellectCraftsmanship" name_key="perkMachinistName" desc_key="perkMachinistDesc" icon="ui_game_symbol_gunsmithing">
			<level_requirements level="1"><requirement name="ProgressionLevel" progression_name="attIntellect" operation="GTE" value="1" desc_key="reqIntellectLevel01"/></level_requirements>
			<level_requirements level="3"><requirement name="ProgressionLevel" progression_name="attIntellect" operation="GTE" value="3" desc_key="reqIntellectLevel03"/></level_requirements>
			<level_requirements level="4"><requirement name="ProgressionLevel" progression_name="attIntellect" operation="GTE" value="5" desc_key="reqIntellectLevel05"/></level_requirements>
			<level_requirements level="5"><requirement name="ProgressionLevel" progression_name="attIntellect" operation="GTE" value="7" desc_key="reqIntellectLevel07"/></level_requirements>
			<effect_group>
				<triggered_effect trigger="onPerkLevelChanged" action="ModifyCVar" cvar="ModPower" target="self" operation="set" value="1">
					<requirement name="ProgressionLevel" progression_name="perkMachinist" operation="Equals" value="1"/>
				</triggered_effect>
				<triggered_effect trigger="onPerkLevelChanged" action="ModifyCVar" cvar="ModPower" target="self" operation="set" value="2">
					<requirement name="ProgressionLevel" progression_name="perkMachinist" operation="Equals" value="2"/>
				</triggered_effect>
				<triggered_effect trigger="onPerkLevelChanged" action="ModifyCVar" cvar="ModPower" target="self" operation="set" value="3">
					<requirement name="ProgressionLevel" progression_name="perkMachinist" operation="Equals" value="3"/>
				</triggered_effect>
				<triggered_effect trigger="onPerkLevelChanged" action="ModifyCVar" cvar="ModPower" target="self" operation="set" value="4">
					<requirement name="ProgressionLevel" progression_name="perkMachinist" operation="Equals" value="4"/>
				</triggered_effect>
				<triggered_effect trigger="onPerkLevelChanged" action="ModifyCVar" cvar="ModPower" target="self" operation="set" value="5">
					<requirement name="ProgressionLevel" progression_name="perkMachinist" operation="Equals" value="5"/>
				</triggered_effect>
				
				<passive_effect name="RecipeTagUnlocked" operation="base_set" level="1,5" value="1" tags="modGunBipod,modMeleeWoodSplitter,modArmorInsulatedLiner"/>
				<passive_effect name="RecipeTagUnlocked" operation="base_set" level="2,5" value="1" tags="modMeleeGraveDigger,modGunForegrip,modArmorCoolingMesh,modShotgunSawedOffBarrel"/>
				<passive_effect name="RecipeTagUnlocked" operation="base_set" level="3,5" value="1" tags="modMeleeStructuralBrace,modGunMagazineExtender,modGunMeleeTheHunter"/>
				<passive_effect name="RecipeTagUnlocked" operation="base_set" level="4,5" value="1" tags="modArmorPlatingBasic,modGunScopeSmall,modArmorImprovedFittings,modArmorBandolier"/>
				<passive_effect name="RecipeTagUnlocked" operation="base_set" level="5,5" value="1" tags="modGunChoke,modGunTriggerGroupSemi,modArmorPlatingReinforced"/>
				
				<effect_description level="1" desc_key="perkMachinistRank1Desc" long_desc_key="perkMachinistRank1LongDesc"/>
				<effect_description level="2" desc_key="perkMachinistRank2Desc" long_desc_key="perkMachinistRank2LongDesc"/>
				<effect_description level="3" desc_key="perkMachinistRank3Desc" long_desc_key="perkMachinistRank3LongDesc"/>
				<effect_description level="4" desc_key="perkMachinistRank4Desc" long_desc_key="perkMachinistRank4LongDesc"/>
				<effect_description level="5" desc_key="perkMachinistRank5Desc" long_desc_key="perkMachinistRank5LongDesc"/>
				
			</effect_group>
		</perk>
	</append>
	<setattribute xpath="/progression/perks/perk/effect_group/passive_effect[@tags='gunRifleT1HuntingRifle']" name="tags">gunRifleT1HuntingRifle,gunRifleT1HuntingRifleCustom</setattribute>
	<setattribute xpath="/progression/perks/perk/effect_group/passive_effect[@tags='gunShotgunT1DoubleBarrel']" name="tags">gunShotgunT1DoubleBarrel,gunShotgunT1DoubleBarrelCustom</setattribute>
	<setattribute xpath="/progression/perks/perk/effect_group/passive_effect[@tags='gunMGT1AK47']" name="tags">gunMGT1AK47,gunMGT1AK47Custom</setattribute>
	<setattribute xpath="/progression/perks/perk/effect_group/passive_effect[@tags='gunBowT1WoodenBow,gunBowT1IronCrossbow']" name="tags">gunBowT1WoodenBow,gunBowT1WoodenBowCustom,gunBowT1IronCrossbow,gunBowT1IronCrossbowCustom</setattribute>
	<setattribute xpath="/progression/perks/perk/effect_group/passive_effect[@tags='gunHandgunT1Pistol']" name="tags">gunHandgunT1Pistol,gunHandgunT1PistolCustom</setattribute>
	<setattribute xpath="/progression/perks/perk/effect_group/passive_effect[@tags='meleeWpnBatonT2StunBaton']" name="tags">meleeWpnBatonT2StunBaton,meleeWpnBatonT2StunBatonCustom</setattribute>
	<setattribute xpath="/progression/perks/perk/effect_group/passive_effect[@tags='gunBotT1JunkSledge']" name="tags">gunBotT1JunkSledge,gunBotT1JunkSledgeCustom</setattribute>
</configs>