<configs>

<setattribute xpath="/recipes/recipe[@name='modArmorAdvancedMuffledConncetors' or @name='modArmorBandolier' or @name='modArmorCoolingMesh' or @name='modArmorCustomizedFittings' or @name='modArmorDoubleStoragePocket' or @name='modArmorHelmetLight' or @name='modFuelTankSmall' or @name='modFuelTankLarge' or @name='modArmorImpactBracing' or @name='modArmorImprovedFittings' or @name='modArmorInsulatedLiner' or @name='modArmorMuffledConnectors' or @name='modArmorPlatingBasic' or @name='modArmorPlatingReinforced' or @name='modArmorStoragePocket' or @name='modArmorTripleStoragePocket' or @name='modArmorWaterPurifier']" name="craft_area">tableSaw</setattribute>

<setattribute xpath="/recipes/recipe[@name='modGunBarrelExtender' or @name='modGunDrumMagazineExtender' or @name='modGunBipod' or @name='modGunBowArrowRest' or @name='modGunBowPolymerString' or @name='modGunChoke' or @name='modGunCrippleEm' or @name='modGunDuckbill' or @name='modGunFlashlight' or @name='modGunForegrip' or @name='modGunLaserSight' or @name='modGunMagazineExtender' or @name='modGunShotgunTubeExtenderMagazine' or @name='modGunMeleeRadRemover' or @name='modGunMeleeTheHunter' or @name='modGunMuzzleBrake' or @name='modGunReflexSight' or @name='modGunRetractingStock' or @name='modGunScopeLarge' or @name='modGunScopeMedium' or @name='modGunScopeSmall' or @name='modGunSoundSuppressorSilencer' or @name='modGunTriggerGroupAutomatic' or @name='modGunTriggerGroupBurst3' or @name='modGunTriggerGroupSemi']" name="craft_area">tableSaw</setattribute>

<setattribute xpath="/recipes/recipe[@name='modMeleeDiamondTip' or @name='modMeleeStunBatonRepulsor' or @name='modMeleeBunkerBuster' or @name='modMeleeClubBarbedWire' or @name='modMeleeClubBurningShaft' or @name='modMeleeClubMetalSpikes' or @name='modMeleeClubMetalChain' or @name='modMeleeErgonomicGrip' or @name='modMeleeFortifyingGrip' or @name='modMeleeFiremansAxeMod' or @name='modMeleeGraveDigger' or @name='modMeleeIronBreaker' or @name='modMeleeSerratedBlade' or @name='modMeleeStructuralBrace' or @name='modMeleeTemperedBlade' or @name='modMeleeWeightedHead' or @name='modMeleeWoodSplitter' or @name='modShotgunSawedOffBarrel']" name="craft_area">tableSaw</setattribute>

<append xpath="/recipes">
		<recipe name="gunHandgunT1PistolCustom" count ="1" craft_area="tableSaw" tags="learnable,perkGunslinger,tableSawCrafting">
			<ingredient name="gunHandgunT1Pistol" count="1"/>
			<ingredient name="gunHandgunT1PistolParts" count="1"/>
			<ingredient name="resourceForgedIron" count="2"/>
			<ingredient name="resourceSpring" count="1"/>
			<effect_group>
				<passive_effect name="CraftingIngredientCount" level="2,5" operation="perc_add" value=".5,2" tags="gunHandgunT1PistolParts,resourceForgedIron,resourceSpring"/>
			</effect_group>
		</recipe>
		<recipe name="gunHandgunT2Magnum44Custom" count ="1" craft_area="tableSaw" tags="learnable,perkGunslinger,tableSawCrafting">
			<ingredient name="gunHandgunT2Magnum44" count="1"/>
			<ingredient name="gunHandgunT1PistolParts" count="1"/>
			<ingredient name="resourceForgedSteel" count="2"/>
			<ingredient name="resourceSpring" count="1"/>
			<effect_group>
				<passive_effect name="CraftingIngredientCount" level="2,5" operation="perc_add" value=".5,2" tags="gunHandgunT1PistolParts,resourceForgedSteel,resourceSpring"/>
			</effect_group>
		</recipe>
		<recipe name="gunHandgunT3DesertVultureCustom" count ="1" craft_area="tableSaw" tags="learnable,perkGunslinger,tableSawCrafting">
			<ingredient name="gunHandgunT3DesertVulture" count="1"/>
			<ingredient name="gunHandgunT1PistolParts" count="1"/>
			<ingredient name="resourceForgedSteel" count="2"/>
			<ingredient name="resourceSpring" count="1"/>
			<effect_group>
				<passive_effect name="CraftingIngredientCount" level="2,5" operation="perc_add" value=".5,2" tags="gunHandgunT1PistolParts,resourceForgedSteel,resourceSpring"/>
			</effect_group>
		</recipe>
		<recipe name="gunMGT1AK47Custom" count ="1" craft_area="tableSaw" tags="learnable,perkMachineGunner,tableSawCrafting">
			<ingredient name="gunMGT1AK47" count="1"/>
			<ingredient name="gunMGT1AK47Parts" count="1"/>
			<ingredient name="resourceForgedIron" count="2"/>
			<ingredient name="resourceSpring" count="1"/>
			<effect_group>
				<passive_effect name="CraftingIngredientCount" level="2,5" operation="perc_add" value=".5,2" tags="gunMGT1AK47Parts,resourceForgedIron,resourceSpring"/>
			</effect_group>
		</recipe>
		<recipe name="gunMGT2TacticalARCustom" count ="1" craft_area="tableSaw" tags="learnable,perkMachineGunner,tableSawCrafting">
			<ingredient name="gunMGT2TacticalAR" count="1"/>
			<ingredient name="gunMGT1AK47Parts" count="1"/>
			<ingredient name="resourceForgedSteel" count="2"/>
			<ingredient name="resourceSpring" count="1"/>
			<effect_group>
				<passive_effect name="CraftingIngredientCount" level="2,5" operation="perc_add" value=".5,2" tags="gunMGT1AK47Parts,resourceForgedSteel,,resourceSpring"/>
			</effect_group>
		</recipe>
		<recipe name="gunMGT3M60Custom" count ="1" craft_area="tableSaw" tags="learnable,perkMachineGunner,tableSawCrafting">
			<ingredient name="gunMGT3M60" count="1"/>
			<ingredient name="gunMGT1AK47Parts" count="1"/>
			<ingredient name="resourceForgedSteel" count="2"/>
			<ingredient name="resourceSpring" count="1"/>
			<effect_group>
				<passive_effect name="CraftingIngredientCount" level="2,5" operation="perc_add" value=".5,2" tags="gunMGT1AK47Parts,resourceForgedSteel,resourceSpring"/>
			</effect_group>
		</recipe>
		<recipe name="gunBotT1JunkSledgeCustom" count ="1" craft_area="tableSaw" tags="learnable,perkTurrets,tableSawCrafting">
			<ingredient name="gunBotT1JunkSledge" count="1"/>
			<ingredient name="gunBotRoboticsParts" count="1"/>
			<ingredient name="resourceForgedIron" count="5"/>
			<ingredient name="resourceSpring" count="1"/>
			<effect_group>
				<passive_effect name="CraftingIngredientCount" level="2,5" operation="perc_add" value=".5,2" tags="gunBotRoboticsParts,resourceForgedIron,resourceSpring"/>
			</effect_group>
		</recipe>
		<recipe name="gunBotT2JunkTurretCustom" count ="1" craft_area="tableSaw" tags="learnable,perkTurrets,tableSawCrafting">
			<ingredient name="gunBotT2JunkTurret" count="1"/>
			<ingredient name="gunBotRoboticsParts" count="1"/>
			<ingredient name="resourceForgedSteel" count="5"/>
			<ingredient name="resourceSpring" count="1"/>
			<effect_group>
				<passive_effect name="CraftingIngredientCount" level="2,5" operation="perc_add" value=".5,2" tags="gunBotRoboticsParts,resourceForgedSteel,resourceSpring"/>
			</effect_group>
		</recipe>
		<recipe name="gunBowT1WoodenBowCustom" count ="1" craft_area="tableSaw" tags="learnable,perkArchery,tableSawCrafting">
			<ingredient name="gunBowT1WoodenBow" count="1"/>
			<ingredient name="gunBowT1WoodenBowParts" count="1"/>
			<ingredient name="resourceWood" count="5"/>
			<ingredient name="resourceGlue" count="1"/>
			<effect_group>
				<passive_effect name="CraftingIngredientCount" level="2,5" operation="perc_add" value=".5,2" tags="gunBowT1WoodenBowParts,resourceWood,resourceGlue"/>
			</effect_group>
		</recipe>
		<recipe name="gunBowT3CompoundBowCustom" count ="1" craft_area="tableSaw" tags="learnable,perkArchery,tableSawCrafting">
			<ingredient name="gunBowT3CompoundBow" count="1"/>
			<ingredient name="gunBowT1WoodenBowParts" count="2"/>
			<ingredient name="resourceScrapPolymers" count="5"/>
			<ingredient name="resourceLeather" count="1"/>
			<ingredient name="resourceSpring" count="1"/>
			<effect_group>
				<passive_effect name="CraftingIngredientCount" level="2,5" operation="perc_add" value=".5,2" tags="gunBowT1WoodenBowParts,resourceScrapPolymers,resourceLeather,resourceSpring"/>
			</effect_group>
		</recipe>
		<recipe name="gunBowT1IronCrossbowCustom" count ="1" craft_area="tableSaw" tags="learnable,perkArchery,tableSawCrafting">
			<ingredient name="gunBowT1IronCrossbow" count="1"/>
			<ingredient name="gunBowT1WoodenBowParts" count="1"/>
			<ingredient name="resourceWood" count="5"/>
			<ingredient name="resourceLeather" count="1"/>
			<ingredient name="resourceForgedIron" count="2"/>
			<effect_group>
				<passive_effect name="CraftingIngredientCount" level="2,5" operation="perc_add" value=".5,2" tags="gunBowT1WoodenBowParts,resourceWood,resourceLeather,resourceForgedIron"/>
			</effect_group>
		</recipe>
		<recipe name="gunBowT3CompoundCrossbowCustom" count ="1" craft_area="tableSaw" tags="learnable,perkArchery,tableSawCrafting">
			<ingredient name="gunBowT3CompoundCrossbow" count="1"/>
			<ingredient name="gunBowT1WoodenBowParts" count="1"/>
			<ingredient name="resourceForgedSteel" count="3"/>
			<ingredient name="resourceLeather" count="1"/>
			<ingredient name="resourceScrapPolymers" count="5"/>
			<effect_group>
				<passive_effect name="CraftingIngredientCount" level="2,5" operation="perc_add" value=".5,2" tags="gunBowT1WoodenBowParts,resourceForgedSteel,resourceLeather,resourceScrapPolymers"/>
			</effect_group>
		</recipe>
		<recipe name="gunRifleT1HuntingRifleCustom" count ="1" craft_area="tableSaw" tags="learnable,perkDeadEye,tableSawCrafting">
			<ingredient name="gunRifleT1HuntingRifle" count="1"/>
			<ingredient name="gunRifleT1HuntingRifleParts" count="1"/>
			<ingredient name="resourceForgedIron" count="2"/>
			<ingredient name="resourceScrapPolymers" count="2"/>
			<ingredient name="resourceSpring" count="1"/>
			<effect_group>
				<passive_effect name="CraftingIngredientCount" level="2,5" operation="perc_add" value=".5,2" tags="gunRifleT1HuntingRifleParts,resourceForgedIron,resourceScrapPolymers,resourceSpring"/>
			</effect_group>
		</recipe>
		<recipe name="gunRifleT2MarksmanRifleCustom" count ="1" craft_area="tableSaw" tags="learnable,perkDeadEye,tableSawCrafting">
			<ingredient name="gunRifleT2MarksmanRifle" count="1"/>
			<ingredient name="gunRifleT1HuntingRifleParts" count="1"/>
			<ingredient name="resourceForgedSteel" count="3"/>
			<ingredient name="resourceScrapPolymers" count="4"/>
			<ingredient name="resourceSpring" count="1"/>
			<effect_group>
				<passive_effect name="CraftingIngredientCount" level="2,5" operation="perc_add" value=".5,2" tags="gunRifleT1HuntingRifleParts,resourceForgedSteel,resourceScrapPolymers,resourceSpring"/>
			</effect_group>
		</recipe>
		<recipe name="gunRifleT3SniperRifleCustom" count ="1" craft_area="tableSaw" tags="learnable,perkDeadEye,tableSawCrafting">
			<ingredient name="gunRifleT3SniperRifle" count="1"/>
			<ingredient name="gunRifleT1HuntingRifleParts" count="1"/>
			<ingredient name="resourceForgedSteel" count="4"/>
			<ingredient name="resourceScrapPolymers" count="4"/>
			<ingredient name="resourceSpring" count="1"/>
			<effect_group>
				<passive_effect name="CraftingIngredientCount" level="2,5" operation="perc_add" value=".5,2" tags="gunRifleT1HuntingRifleParts,resourceForgedSteel,resourceScrapPolymers,resourceSpring"/>
			</effect_group>
		</recipe>
		<recipe name="gunShotgunT1DoubleBarrelCustom" count ="1" craft_area="tableSaw" tags="learnable,perkBoomstick,tableSawCrafting">
			<ingredient name="gunShotgunT1DoubleBarrel" count="1"/>
			<ingredient name="gunShotgunT1DoubleBarrelParts" count="1"/>
			<ingredient name="resourceForgedIron" count="2"/>
			<ingredient name="resourceScrapPolymers" count="4"/>
			<ingredient name="resourceSpring" count="1"/>
			<effect_group>
				<passive_effect name="CraftingIngredientCount" level="2,5" operation="perc_add" value=".5,2" tags="gunShotgunT1DoubleBarrelParts,resourceForgedIron,resourceScrapPolymers,resourceSpring"/>
			</effect_group>
		</recipe>
		<recipe name="gunShotgunT2PumpShotgunCustom" count ="1" craft_area="tableSaw" tags="learnable,perkBoomstick,tableSawCrafting">
			<ingredient name="gunShotgunT2PumpShotgun" count="1"/>
			<ingredient name="gunShotgunT1DoubleBarrelParts" count="1"/>
			<ingredient name="resourceForgedSteel" count="3"/>
			<ingredient name="resourceScrapPolymers" count="4"/>
			<ingredient name="resourceSpring" count="1"/>
			<effect_group>
				<passive_effect name="CraftingIngredientCount" level="2,5" operation="perc_add" value=".5,2" tags="gunShotgunT1DoubleBarrelParts,resourceForgedSteel,resourceScrapPolymers,resourceSpring"/>
			</effect_group>
		</recipe>
		<recipe name="gunShotgunT3AutoShotgunCustom" count ="1" craft_area="tableSaw" tags="learnable,perkBoomstick,tableSawCrafting">
			<ingredient name="gunShotgunT3AutoShotgun" count="1"/>
			<ingredient name="gunShotgunT1DoubleBarrelParts" count="1"/>
			<ingredient name="resourceForgedSteel" count="2"/>
			<ingredient name="resourceScrapPolymers" count="4"/>
			<ingredient name="resourceSpring" count="1"/>
			<effect_group>
				<passive_effect name="CraftingIngredientCount" level="2,5" operation="perc_add" value=".5,2" tags="gunShotgunT1DoubleBarrelParts,resourceForgedSteel,resourceScrapPolymers,resourceSpring"/>
			</effect_group>
		</recipe>
		<recipe name="gunExplosivesT3RocketLauncherCustom" count ="1" craft_area="tableSaw" tags="learnable,perkDemolitionsExpert,tableSawCrafting">
			<ingredient name="gunExplosivesT3RocketLauncher" count="1"/>
			<ingredient name="gunExplosivesT3RocketLauncherParts" count="1"/>
			<ingredient name="resourceForgedSteel" count="4"/>
			<ingredient name="resourceElectricParts" count="1"/>
			<ingredient name="resourceSpring" count="1"/>
			<effect_group>
				<passive_effect name="CraftingIngredientCount" level="2,5" operation="perc_add" value=".5,2" tags="gunExplosivesT3RocketLauncherParts,resourceForgedSteel,resourceElectricParts,resourceSpring"/>
			</effect_group>
		</recipe>
		<recipe name="gunHandgunT3SMG5Custom" count ="1" craft_area="tableSaw" tags="learnable,perkGunslinger,tableSawCrafting">
			<ingredient name="gunHandgunT3SMG5" count="1"/>
			<ingredient name="gunHandgunT1PistolParts" count="1"/>
			<ingredient name="resourceForgedSteel" count="4"/>
			<ingredient name="resourceScrapPolymers" count="2"/>
			<ingredient name="resourceSpring" count="1"/>
			<effect_group>
				<passive_effect name="CraftingIngredientCount" level="2,5" operation="perc_add" value=".5,2" tags="gunHandgunT1PistolParts,resourceForgedSteel,resourceScrapPolymers,resourceSpring"/>
			</effect_group>
		</recipe>
		<recipe name="meleeWpnClubT3SteelClubCustom" count ="1" craft_area="tableSaw" tags="learnable,perkPummelPete,tableSawCrafting">
			<ingredient name="meleeWpnClubT3SteelClub" count="1"/>
			<ingredient name="meleeWpnClubT3SteelClubParts" count="1"/>
			<ingredient name="resourceForgedSteel" count="4"/>
			<ingredient name="resourceWood" count="2"/>
			<ingredient name="resourceLeather" count="1"/>
			<effect_group>
				<passive_effect name="CraftingIngredientCount" level="2,5" operation="perc_add" value=".5,2" tags="meleeWpnClubT3SteelClubParts,resourceForgedSteel,resourceWood,resourceLeather"/>
			</effect_group>
		</recipe>
		<recipe name="meleeToolPickT3AugerCustom" count="1" craft_area="tableSaw" tags="learnable,perkMiner69r,tableSawCrafting">
			<ingredient name="meleeToolPickT3Auger" count="1"/>
			<ingredient name="meleeToolAxeT3ChainsawParts" count="1"/>
			<ingredient name="smallEngine" count="1"/>
			<ingredient name="resourceForgedSteel" count="1"/>
			<effect_group>
				<passive_effect name="CraftingIngredientCount" level="2,5" operation="perc_add" value=".5,2" tags="meleeToolAxeT3ChainsawParts,resourceForgedSteel"/>
			</effect_group>
		</recipe>
		<recipe name="meleeToolAxeT3ChainsawCustom" count="1" craft_area="tableSaw" tags="learnable,perkMiner69r,tableSawCrafting">
			<ingredient name="meleeToolAxeT3Chainsaw" count="1"/>
			<ingredient name="meleeToolAxeT3ChainsawParts" count="1"/>
			<ingredient name="smallEngine" count="1"/>
			<ingredient name="resourceForgedSteel" count="1"/>
			<effect_group>
				<passive_effect name="CraftingIngredientCount" level="2,5" operation="perc_add" value=".5,2" tags="meleeToolAxeT3ChainsawParts,resourceForgedSteel"/>
			</effect_group>
		</recipe>
		<recipe name="meleeToolAxeT2SteelAxeCustom" count="1" craft_area="tableSaw" tags="learnable,perkMiner69r,tableSawCrafting">
			<ingredient name="meleeToolAxeT2SteelAxe" count="1"/>
			<ingredient name="meleeToolAllSteelParts" count="1"/>
			<ingredient name="resourceForgedSteel" count="2"/>
			<ingredient name="resourceWood" count="2"/>
			<ingredient name="resourceLeather" count="1"/>
			<effect_group>
				<passive_effect name="CraftingIngredientCount" level="2,5" operation="perc_add" value=".5,2" tags="meleeToolAllSteelParts,resourceForgedSteel,resourceWood,resourceLeather,resourceDuctTape"/>
			</effect_group>
		</recipe>
		<recipe name="meleeWpnSpearT3SteelSpearCustom" count="1" craft_area="tableSaw" tags="learnable,perkJavelinMaster,tableSawCrafting">
			<ingredient name="meleeWpnSpearT3SteelSpear" count="1"/>
			<ingredient name="meleeWpnSpearT3SteelSpearParts" count="1"/>
			<ingredient name="resourceForgedSteel" count="2"/>
			<ingredient name="resourceWood" count="2"/>
			<ingredient name="resourceLeather" count="1"/>
			<effect_group>
				<passive_effect name="CraftingIngredientCount" level="2,5" operation="perc_add" value=".5,2" tags="meleeWpnSpearT3SteelSpearParts,resourceForgedSteel,resourceWood,resourceLeather,resourceDuctTape"/>
			</effect_group>
		</recipe>
		<recipe name="meleeWpnBladeT3MacheteCustom" count="1" craft_area="tableSaw" craft_time="60" tags="learnable,perkDeepCuts,tableSawCrafting">
			<ingredient name="meleeWpnBladeT3Machete" count="1"/>
			<ingredient name="meleeWpnBladeT3MacheteParts" count="1"/>
			<ingredient name="resourceForgedSteel" count="2"/>
			<ingredient name="resourceWood" count="2"/>
			<ingredient name="resourceLeather" count="1"/>
			<effect_group>
				<passive_effect name="CraftingIngredientCount" level="2,5" operation="perc_add" value=".5,2" tags="meleeWpnBladeT3MacheteParts,resourceForgedSteel,resourceWood,resourceLeather,resourceDuctTape"/>
			</effect_group>
		</recipe>
		<recipe name="meleeToolPickT2SteelPickaxeCustom" count="1" craft_area="tableSaw" tags="learnable,perkMiner69r,tableSawCrafting">
			<ingredient name="meleeToolPickT2SteelPickaxe" count="1"/>
			<ingredient name="meleeToolAllSteelParts" count="1"/>
			<ingredient name="resourceForgedSteel" count="2"/>
			<ingredient name="resourceWood" count="2"/>
			<ingredient name="resourceLeather" count="1"/>
			<effect_group>
				<passive_effect name="CraftingIngredientCount" level="2,5" operation="perc_add" value=".5,2" tags="meleeToolAllSteelParts,resourceForgedSteel,resourceWood,resourceLeather,resourceDuctTape"/>
			</effect_group>
		</recipe>
		<recipe name="meleeToolShovelT2SteelShovelCustom" count="1" craft_area="tableSaw" tags="learnable,perkMiner69r,tableSawCrafting">
			<ingredient name="meleeToolShovelT2SteelShovel" count="1"/>
			<ingredient name="meleeToolAllSteelParts" count="1"/>
			<ingredient name="resourceForgedSteel" count="2"/>
			<ingredient name="resourceWood" count="2"/>
			<ingredient name="resourceLeather" count="1"/>
			<effect_group>
				<passive_effect name="CraftingIngredientCount" level="2,5" operation="perc_add" value=".5,2" tags="meleeToolAllSteelParts,resourceForgedSteel,resourceWood,resourceLeather,resourceDuctTape"/>
			</effect_group>
		</recipe>
		<recipe name="meleeWpnSledgeT3SteelSledgehammerCustom" count="1" craft_area="tableSaw" tags="learnable,perkSkullCrusher,tableSawCrafting">
			<ingredient name="meleeWpnSledgeT3SteelSledgehammer" count="1"/>
			<ingredient name="meleeWpnSledgeT3SteelSledgehammerParts" count="1"/>
			<ingredient name="resourceForgedSteel" count="2"/>
			<ingredient name="resourceWood" count="2"/>
			<ingredient name="resourceLeather" count="1"/>
			<effect_group>
				<passive_effect name="CraftingIngredientCount" level="2,5" operation="perc_add" value=".5,2" tags="meleeWpnSledgeT3SteelSledgehammerParts,resourceForgedSteel,resourceWood,resourceLeather,resourceDuctTape"/>
			</effect_group>
		</recipe>
		<recipe name="meleeWpnBatonT2StunBatonCustom" count="1" craft_area="tableSaw" tags="learnable,perkElectrocutioner,tableSawCrafting">
			<ingredient name="meleeWpnBatonT2StunBaton" count="1"/>
			<ingredient name="meleeWpnBatonT2StunBatonParts" count="1"/>
			<ingredient name="resourceForgedIron" count="1"/>
			<ingredient name="resourceElectricParts" count="1"/>
			<effect_group>
				<passive_effect name="CraftingIngredientCount" level="2,5" operation="perc_add" value=".5,2" tags="meleeWpnBatonT2StunBatonParts,resourceForgedIron,resourceLeather,resourceDuctTape,resourceElectricParts"/>
			</effect_group>
		</recipe>
		<recipe name="meleeToolSalvageT2RatchetCustom" count="1" craft_area="tableSaw" tags="learnable,perkSalvageOperations,tableSawCrafting">
			<ingredient name="meleeToolSalvageT2Ratchet" count="1"/>
			<ingredient name="meleeToolAllSteelParts" count="1"/>
			<ingredient name="resourceForgedSteel" count="2"/>
			<ingredient name="resourceMechanicalParts" count="1"/>
			<effect_group>
				<passive_effect name="CraftingIngredientCount" level="2,5" operation="perc_add" value=".5,2" tags="meleeToolAllSteelParts,resourceForgedSteel,resourceMechanicalParts,resourceSpring,resourceDuctTape"/>
			</effect_group>
		</recipe>
		<recipe name="meleeToolSalvageT3ImpactDriverCustom" count="1" craft_area="tableSaw" tags="learnable,perkSalvageOperations,tableSawCrafting">
			<ingredient name="meleeToolSalvageT3ImpactDriver" count="1"/>
			<ingredient name="meleeToolAxeT3ChainsawParts" count="1"/>
			<ingredient name="resourceForgedSteel" count="3"/>
			<ingredient name="resourceMechanicalParts" count="1"/>
			<effect_group>
				<passive_effect name="CraftingIngredientCount" level="2,5" operation="perc_add" value=".5,2" tags="meleeToolAxeT3ChainsawParts,resourceForgedSteel,resourceMechanicalParts,resourceDuctTape"/>
			</effect_group>
		</recipe>
		<recipe name="meleeWpnKnucklesT3SteelKnucklesCustom" count="1" craft_area="tableSaw" tags="learnable,perkBrawler,tableSawCrafting">
			<ingredient name="meleeWpnKnucklesT3SteelKnuckles" count="1"/>
			<ingredient name="meleeWpnKnucklesT3SteelKnucklesParts" count="1"/>
			<ingredient name="resourceForgedSteel" count="2"/>
			<ingredient name="resourceLeather" count="1"/>
			<effect_group>
				<passive_effect name="CraftingIngredientCount" level="2,5" operation="perc_add" value=".5,2" tags="meleeWpnKnucklesT3SteelKnucklesParts,resourceForgedSteel,resourceWood,resourceLeather,resourceDuctTape"/>
			</effect_group>
		</recipe>
		<recipe name="machinistUpdateSchematic" count="1" craft_area="workbench">
			<ingredient name="resourcePaper" count="5"/>
			<ingredient name="resourceGlue" count="1"/>
			<ingredient name="resourceCoal" count="1"/>
		</recipe>
		<recipe name="tableSaw" count="1" craft_area="workbench" tags="learnable,perkMachinist,workbenchCrafting">
			<ingredient name="resourceForgedIron" count="85"/>
			<ingredient name="resourceMechanicalParts" count="20"/>
			<ingredient name="resourceElectricParts" count="5"/>
			<ingredient name="smallEngine" count="1"/>
		</recipe>
</append>

</configs>